Workbook

Sheet Master
A1: Competencies Planning - Self Assessment (Annex A)
A3: Team Goals: 1 - 2 - 3 - 4 - 5 - | D3: Competency Strength Legend: 0 = none 1 = beginner 2 = Intermediate 3 = Advanced 4 = Proficient
A5: Competency Group | B5: Skill, Ability, Trait | C5: Aligned with Team Goals? | D5: Average Self-Score
A6: Communication | B6: Speaking (capturing audience) | D6: =AVERAGE('Employee:Employee 12'!C7) -> #DIV/0!
A7: Communication | B7: Listening | D7: =AVERAGE('Employee:Employee 12'!C8) -> #DIV/0!
A8: Communication | B8: Written | D8: =AVERAGE('Employee:Employee 12'!C9) -> #DIV/0!
A9: Communication | B9: Presenter/Facilitator | D9: =AVERAGE('Employee:Employee 12'!C10) -> #DIV/0!
A10: Communication | B10: Non-verbal | D10: =AVERAGE('Employee:Employee 12'!C11) -> #DIV/0!
A11: Interpersonal | B11: Empathetic | D11: =AVERAGE('Employee:Employee 12'!C12) -> #DIV/0!
A12: Interpersonal | B12: Networking | D12: =AVERAGE('Employee:Employee 12'!C13) -> #DIV/0!
A13: Interpersonal | B13: Persuasiveness | D13: =AVERAGE('Employee:Employee 12'!C14) -> #DIV/0!
A14: Interpersonal | B14: Negotiating | D14: =AVERAGE('Employee:Employee 12'!C15) -> #DIV/0!
A15: Interpersonal | B15: Diplomacy | D15: =AVERAGE('Employee:Employee 12'!C16) -> #DIV/0!
A16: Interpersonal | B16: Conflict management | D16: =AVERAGE('Employee:Employee 12'!C17) -> #DIV/0!
A17: Interpersonal | B17: Team player / Collaborative | D17: =AVERAGE('Employee:Employee 12'!C18) -> #DIV/0!
... A86: UX Design | B86: Prototyping | D86: =AVERAGE('Employee:Employee 12'!C87) -> #DIV/0!
A88: Scores by Competency
A90: Competency | B90: Overall Average Score
A91: Communication | B91: =AVERAGE(D6:D10) -> #DIV/0!
A92: Interpersonal | B92: =AVERAGE(D11:D17) -> #DIV/0!
A93: Thinking | B93: =AVERAGE(D18:D26) -> #DIV/0!
A94: Personal Effectiveness | B94: =AVERAGE(D27:D33) -> #DIV/0!
A95: Organizational | B95: =AVERAGE(D34:D39) -> #DIV/0!
A96: Human Resources management | B96: =AVERAGE(D40:D45) -> #DIV/0!
A97: Leadership | B97: =AVERAGE(D46:D54) -> #DIV/0!
A98: Client Services | B98: =AVERAGE(D55:D58) -> #DIV/0!
A99: Business Competencies | B99: =AVERAGE(D59:D63) -> #DIV/0!
A100: Self-Management | B100: =AVERAGE(D64:D69) -> #DIV/0!
A101: Technical and operational | B101: =AVERAGE(D70:D77) -> #DIV/0!
A102: Computer | B102: =AVERAGE(D78:D82) -> #DIV/0!
A103: UX Design | B103: =AVERAGE(D83:D86) -> #DIV/0!

Sheet Employee
A1: Play 28 - Competencies Planning - Annex A - Self Assessment
A4: Competency Strenght Legend | B4: 0 = none 1 = beginner 2 = Intermediate 3 = Advanced 4 = Proficient
A5: Competency Group | B5: Skill, Ability, Trait | C5: Self-Score
A7: Communication | B7: Speaking (capturing audience)
A8: Communication | B8: Listening
A9: Communication | B9: Written
A10: Communication | B10: Presenter/Facilitator
A11: Communication | B11: Non-verbal
A12: Interpersonal | B12: Empathetic
A13: Interpersonal | B13: Networking
A14: Interpersonal | B14: Persuasiveness
A15: Interpersonal | B15: Negotiating
A16: Interpersonal | B16: Diplomacy
A17: Interpersonal | B17: Conflict management
A18: Interpersonal | B18: Team player / Collaborative
... A87: UX Design | B87: Prototyping
A89: Scores by Competency
A91: Competency | B91: Overall Average Score
A92: Communication | B92: =AVERAGE(C7:C11) -> #DIV/0!
A93: Interpersonal | B93: =AVERAGE(C12:C18) -> #DIV/0!
A94: Thinking | B94: =AVERAGE(C19:C27) -> #DIV/0!
A95: Personal Effectiveness | B95: =AVERAGE(C28:C34) -> #DIV/0!
A96: Organizational | B96: =AVERAGE(C35:C40) -> #DIV/0!
A97: Human Resources management | B97: =AVERAGE(C41:C46) -> #DIV/0!
A98: Leadership | B98: =AVERAGE(C47:C55) -> #DIV/0!
A99: Client Services | B99: =AVERAGE(C56:C59) -> #DIV/0!
A100: Business Competencies | B100: =AVERAGE(C60:C64) -> #DIV/0!
A101: Self-Management | B101: =AVERAGE(C65:C70) -> #DIV/0!
A102: Technical and operational | B102: =AVERAGE(C71:C78) -> #DIV/0!
A103: Computer | B103: =AVERAGE(C79:C83) -> #DIV/0!
A104: UX Design | B104: =AVERAGE(C84:C87) -> #DIV/0!

Sheet Employee 2
A1: Play 28 - Competencies Planning - Annex A - Self Assessment
A4: Competency Strenght Legend | B4: 0 = none 1 = beginner 2 = Intermediate 3 = Advanced 4 = Proficient
A5: Competency Group | B5: Skill, Ability, Trait | C5: Self-Score
A7: Communication | B7: Speaking (capturing audience)
A8: Communication | B8: Listening
A9: Communication | B9: Written
A10: Communication | B10: Presenter/Facilitator
A11: Communication | B11: Non-verbal
A12: Interpersonal | B12: Empathetic
A13: Interpersonal | B13: Networking
A14: Interpersonal | B14: Persuasiveness
A15: Interpersonal | B15: Negotiating
A16: Interpersonal | B16: Diplomacy
A17: Interpersonal | B17: Conflict management
A18: Interpersonal | B18: Team player / Collaborative
... A87: UX Design | B87: Prototyping
A89: Scores by Competency
A91: Competency | B91: Overall Average Score
A92: Communication | B92: =AVERAGE(C7:C11) -> #DIV/0!
A93: Interpersonal | B93: =AVERAGE(C12:C18) -> #DIV/0!
A94: Thinking | B94: =AVERAGE(C19:C27) -> #DIV/0!
A95: Personal Effectiveness | B95: =AVERAGE(C28:C34) -> #DIV/0!
A96: Organizational | B96: =AVERAGE(C35:C40) -> #DIV/0!
A97: Human Resources management | B97: =AVERAGE(C41:C46) -> #DIV/0!
A98: Leadership | B98: =AVERAGE(C47:C55) -> #DIV/0!
A99: Client Services | B99: =AVERAGE(C56:C59) -> #DIV/0!
A100: Business Competencies | B100: =AVERAGE(C60:C64) -> #DIV/0!
A101: Self-Management | B101: =AVERAGE(C65:C70) -> #DIV/0!
A102: Technical and operational | B102: =AVERAGE(C71:C78) -> #DIV/0!
A103: Computer | B103: =AVERAGE(C79:C83) -> #DIV/0!
A104: UX Design | B104: =AVERAGE(C84:C87) -> #DIV/0!

Sheet Employee 3
A1: Play 28 - Competencies Planning - Annex A - Self Assessment
A4: Competency Strenght Legend | B4: 0 = none 1 = beginner 2 = Intermediate 3 = Advanced 4 = Proficient
A5: Competency Group | B5: Skill, Ability, Trait | C5: Self-Score
A7: Communication | B7: Speaking (capturing audience)
A8: Communication | B8: Listening
A9: Communication | B9: Written
A10: Communication | B10: Presenter/Facilitator
A11: Communication | B11: Non-verbal
A12: Interpersonal | B12: Empathetic
A13: Interpersonal | B13: Networking
A14: Interpersonal | B14: Persuasiveness
A15: Interpersonal | B15: Negotiating
A16: Interpersonal | B16: Diplomacy
A17: Interpersonal | B17: Conflict management
A18: Interpersonal | B18: Team player / Collaborative
... A87: UX Design | B87: Prototyping
A89: Scores by Competency
A91: Competency | B91: Overall Average Score
A92: Communication | B92: =AVERAGE(C7:C11) -> #DIV/0!
A93: Interpersonal | B93: =AVERAGE(C12:C18) -> #DIV/0!
A94: Thinking | B94: =AVERAGE(C19:C27) -> #DIV/0!
A95: Personal Effectiveness | B95: =AVERAGE(C28:C34) -> #DIV/0!
A96: Organizational | B96: =AVERAGE(C35:C40) -> #DIV/0!
A97: Human Resources management | B97: =AVERAGE(C41:C46) -> #DIV/0!
A98: Leadership | B98: =AVERAGE(C47:C55) -> #DIV/0!
A99: Client Services | B99: =AVERAGE(C56:C59) -> #DIV/0!
A100: Business Competencies | B100: =AVERAGE(C60:C64) -> #DIV/0!
A101: Self-Management | B101: =AVERAGE(C65:C70) -> #DIV/0!
A102: Technical and operational | B102: =AVERAGE(C71:C78) -> #DIV/0!
A103: Computer | B103: =AVERAGE(C79:C83) -> #DIV/0!
A104: UX Design | B104: =AVERAGE(C84:C87) -> #DIV/0!

Sheet Employee 4
A1: Play 28 - Competencies Planning - Annex A - Self Assessment
A4: Competency Strenght Legend | B4: 0 = none 1 = beginner 2 = Intermediate 3 = Advanced 4 = Proficient
A5: Competency Group | B5: Skill, Ability, Trait | C5: Self-Score
A7: Communication | B7: Speaking (capturing audience)
A8: Communication | B8: Listening
A9: Communication | B9: Written
A10: Communication | B10: Presenter/Facilitator
A11: Communication | B11: Non-verbal
A12: Interpersonal | B12: Empathetic
A13: Interpersonal | B13: Networking
A14: Interpersonal | B14: Persuasiveness
A15: Interpersonal | B15: Negotiating
A16: Interpersonal | B16: Diplomacy
A17: Interpersonal | B17: Conflict management
A18: Interpersonal | B18: Team player / Collaborative
... A87: UX Design | B87: Prototyping
A89: Scores by Competency
A91: Competency | B91: Overall Average Score
A92: Communication | B92: =AVERAGE(C7:C11) -> #DIV/0!
A93: Interpersonal | B93: =AVERAGE(C12:C18) -> #DIV/0!
A94: Thinking | B94: =AVERAGE(C19:C27) -> #DIV/0!
A95: Personal Effectiveness | B95: =AVERAGE(C28:C34) -> #DIV/0!
A96: Organizational | B96: =AVERAGE(C35:C40) -> #DIV/0!
A97: Human Resources management | B97: =AVERAGE(C41:C46) -> #DIV/0!
A98: Leadership | B98: =AVERAGE(C47:C55) -> #DIV/0!
A99: Client Services | B99: =AVERAGE(C56:C59) -> #DIV/0!
A100: Business Competencies | B100: =AVERAGE(C60:C64) -> #DIV/0!
A101: Self-Management | B101: =AVERAGE(C65:C70) -> #DIV/0!
A102: Technical and operational | B102: =AVERAGE(C71:C78) -> #DIV/0!
A103: Computer | B103: =AVERAGE(C79:C83) -> #DIV/0!
A104: UX Design | B104: =AVERAGE(C84:C87) -> #DIV/0!

Sheet Employee 5
A1: Play 28 - Competencies Planning - Annex A - Self Assessment
A4: Competency Strenght Legend | B4: 0 = none 1 = beginner 2 = Intermediate 3 = Advanced 4 = Proficient
A5: Competency Group | B5: Skill, Ability, Trait | C5: Self-Score
A7: Communication | B7: Speaking (capturing audience)
A8: Communication | B8: Listening
A9: Communication | B9: Written
A10: Communication | B10: Presenter/Facilitator
A11: Communication | B11: Non-verbal
A12: Interpersonal | B12: Empathetic
A13: Interpersonal | B13: Networking
A14: Interpersonal | B14: Persuasiveness
A15: Interpersonal | B15: Negotiating
A16: Interpersonal | B16: Diplomacy
A17: Interpersonal | B17: Conflict management
A18: Interpersonal | B18: Team player / Collaborative
... A87: UX Design | B87: Prototyping
A89: Scores by Competency
A91: Competency | B91: Overall Average Score
A92: Communication | B92: =AVERAGE(C7:C11) -> #DIV/0!
A93: Interpersonal | B93: =AVERAGE(C12:C18) -> #DIV/0!
A94: Thinking | B94: =AVERAGE(C19:C27) -> #DIV/0!
A95: Personal Effectiveness | B95: =AVERAGE(C28:C34) -> #DIV/0!
A96: Organizational | B96: =AVERAGE(C35:C40) -> #DIV/0!
A97: Human Resources management | B97: =AVERAGE(C41:C46) -> #DIV/0!
A98: Leadership | B98: =AVERAGE(C47:C55) -> #DIV/0!
A99: Client Services | B99: =AVERAGE(C56:C59) -> #DIV/0!
A100: Business Competencies | B100: =AVERAGE(C60:C64) -> #DIV/0!
A101: Self-Management | B101: =AVERAGE(C65:C70) -> #DIV/0!
A102: Technical and operational | B102: =AVERAGE(C71:C78) -> #DIV/0!
A103: Computer | B103: =AVERAGE(C79:C83) -> #DIV/0!
A104: UX Design | B104: =AVERAGE(C84:C87) -> #DIV/0!

Sheet Employee 6
A1: Play 28 - Competencies Planning - Annex A - Self Assessment
A4: Competency Strenght Legend | B4: 0 = none 1 = beginner 2 = Intermediate 3 = Advanced 4 = Proficient
A5: Competency Group | B5: Skill, Ability, Trait | C5: Self-Score
A7: Communication | B7: Speaking (capturing audience)
A8: Communication | B8: Listening
A9: Communication | B9: Written
A10: Communication | B10: Presenter/Facilitator
A11: Communication | B11: Non-verbal
A12: Interpersonal | B12: Empathetic
A13: Interpersonal | B13: Networking
A14: Interpersonal | B14: Persuasiveness
A15: Interpersonal | B15: Negotiating
A16: Interpersonal | B16: Diplomacy
A17: Interpersonal | B17: Conflict management
A18: Interpersonal | B18: Team player / Collaborative
... A87: UX Design | B87: Prototyping
A89: Scores by Competency
A91: Competency | B91: Overall Average Score
A92: Communication | B92: =AVERAGE(C7:C11) -> #DIV/0!
A93: Interpersonal | B93: =AVERAGE(C12:C18) -> #DIV/0!
A94: Thinking | B94: =AVERAGE(C19:C27) -> #DIV/0!
A95: Personal Effectiveness | B95: =AVERAGE(C28:C34) -> #DIV/0!
A96: Organizational | B96: =AVERAGE(C35:C40) -> #DIV/0!
A97: Human Resources management | B97: =AVERAGE(C41:C46) -> #DIV/0!
A98: Leadership | B98: =AVERAGE(C47:C55) -> #DIV/0!
A99: Client Services | B99: =AVERAGE(C56:C59) -> #DIV/0!
A100: Business Competencies | B100: =AVERAGE(C60:C64) -> #DIV/0!
A101: Self-Management | B101: =AVERAGE(C65:C70) -> #DIV/0!
A102: Technical and operational | B102: =AVERAGE(C71:C78) -> #DIV/0!
A103: Computer | B103: =AVERAGE(C79:C83) -> #DIV/0!
A104: UX Design | B104: =AVERAGE(C84:C87) -> #DIV/0!

Sheet Employee 7
A1: Play 28 - Competencies Planning - Annex A - Self Assessment
A4: Competency Strenght Legend | B4: 0 = none 1 = beginner 2 = Intermediate 3 = Advanced 4 = Proficient
A5: Competency Group | B5: Skill, Ability, Trait | C5: Self-Score
A7: Communication | B7: Speaking (capturing audience)
A8: Communication | B8: Listening
A9: Communication | B9: Written
A10: Communication | B10: Presenter/Facilitator
A11: Communication | B11: Non-verbal
A12: Interpersonal | B12: Empathetic
A13: Interpersonal | B13: Networking
A14: Interpersonal | B14: Persuasiveness
A15: Interpersonal | B15: Negotiating
A16: Interpersonal | B16: Diplomacy
A17: Interpersonal | B17: Conflict management
A18: Interpersonal | B18: Team player / Collaborative
... A87: UX Design | B87: Prototyping
A89: Scores by Competency
A91: Competency | B91: Overall Average Score
A92: Communication | B92: =AVERAGE(C7:C11) -> #DIV/0!
A93: Interpersonal | B93: =AVERAGE(C12:C18) -> #DIV/0!
A94: Thinking | B94: =AVERAGE(C19:C27) -> #DIV/0!
A95: Personal Effectiveness | B95: =AVERAGE(C28:C34) -> #DIV/0!
A96: Organizational | B96: =AVERAGE(C35:C40) -> #DIV/0!
A97: Human Resources management | B97: =AVERAGE(C41:C46) -> #DIV/0!
A98: Leadership | B98: =AVERAGE(C47:C55) -> #DIV/0!
A99: Client Services | B99: =AVERAGE(C56:C59) -> #DIV/0!
A100: Business Competencies | B100: =AVERAGE(C60:C64) -> #DIV/0!
A101: Self-Management | B101: =AVERAGE(C65:C70) -> #DIV/0!
A102: Technical and operational | B102: =AVERAGE(C71:C78) -> #DIV/0!
A103: Computer | B103: =AVERAGE(C79:C83) -> #DIV/0!
A104: UX Design | B104: =AVERAGE(C84:C87) -> #DIV/0!

Sheet Employee 8
A1: Play 28 - Competencies Planning - Annex A - Self Assessment
A4: Competency Strenght Legend | B4: 0 = none 1 = beginner 2 = Intermediate 3 = Advanced 4 = Proficient
A5: Competency Group | B5: Skill, Ability, Trait | C5: Self-Score
A7: Communication | B7: Speaking (capturing audience)
A8: Communication | B8: Listening
A9: Communication | B9: Written
A10: Communication | B10: Presenter/Facilitator
A11: Communication | B11: Non-verbal
A12: Interpersonal | B12: Empathetic
A13: Interpersonal | B13: Networking
A14: Interpersonal | B14: Persuasiveness
A15: Interpersonal | B15: Negotiating
A16: Interpersonal | B16: Diplomacy
A17: Interpersonal | B17: Conflict management
A18: Interpersonal | B18: Team player / Collaborative
... A87: UX Design | B87: Prototyping
A89: Scores by Competency
A91: Competency | B91: Overall Average Score
A92: Communication | B92: =AVERAGE(C7:C11) -> #DIV/0!
A93: Interpersonal | B93: =AVERAGE(C12:C18) -> #DIV/0!
A94: Thinking | B94: =AVERAGE(C19:C27) -> #DIV/0!
A95: Personal Effectiveness | B95: =AVERAGE(C28:C34) -> #DIV/0!
A96: Organizational | B96: =AVERAGE(C35:C40) -> #DIV/0!
A97: Human Resources management | B97: =AVERAGE(C41:C46) -> #DIV/0!
A98: Leadership | B98: =AVERAGE(C47:C55) -> #DIV/0!
A99: Client Services | B99: =AVERAGE(C56:C59) -> #DIV/0!
A100: Business Competencies | B100: =AVERAGE(C60:C64) -> #DIV/0!
A101: Self-Management | B101: =AVERAGE(C65:C70) -> #DIV/0!
A102: Technical and operational | B102: =AVERAGE(C71:C78) -> #DIV/0!
A103: Computer | B103: =AVERAGE(C79:C83) -> #DIV/0!
A104: UX Design | B104: =AVERAGE(C84:C87) -> #DIV/0!

Sheet Employee 9
A1: Play 28 - Competencies Planning - Annex A - Self Assessment
A4: Competency Strenght Legend | B4: 0 = none 1 = beginner 2 = Intermediate 3 = Advanced 4 = Proficient
A5: Competency Group | B5: Skill, Ability, Trait | C5: Self-Score
A7: Communication | B7: Speaking (capturing audience)
A8: Communication | B8: Listening
A9: Communication | B9: Written
A10: Communication | B10: Presenter/Facilitator
A11: Communication | B11: Non-verbal
A12: Interpersonal | B12: Empathetic
A13: Interpersonal | B13: Networking
A14: Interpersonal | B14: Persuasiveness
A15: Interpersonal | B15: Negotiating
A16: Interpersonal | B16: Diplomacy
A17: Interpersonal | B17: Conflict management
A18: Interpersonal | B18: Team player / Collaborative
... A87: UX Design | B87: Prototyping
A89: Scores by Competency
A91: Competency | B91: Overall Average Score
A92: Communication | B92: =AVERAGE(C7:C11) -> #DIV/0!
A93: Interpersonal | B93: =AVERAGE(C12:C18) -> #DIV/0!
A94: Thinking | B94: =AVERAGE(C19:C27) -> #DIV/0!
A95: Personal Effectiveness | B95: =AVERAGE(C28:C34) -> #DIV/0!
A96: Organizational | B96: =AVERAGE(C35:C40) -> #DIV/0!
A97: Human Resources management | B97: =AVERAGE(C41:C46) -> #DIV/0!
A98: Leadership | B98: =AVERAGE(C47:C55) -> #DIV/0!
A99: Client Services | B99: =AVERAGE(C56:C59) -> #DIV/0!
A100: Business Competencies | B100: =AVERAGE(C60:C64) -> #DIV/0!
A101: Self-Management | B101: =AVERAGE(C65:C70) -> #DIV/0!
A102: Technical and operational | B102: =AVERAGE(C71:C78) -> #DIV/0!
A103: Computer | B103: =AVERAGE(C79:C83) -> #DIV/0!
A104: UX Design | B104: =AVERAGE(C84:C87) -> #DIV/0!

Sheet Employee 10
A1: Play 28 - Competencies Planning - Annex A - Self Assessment
A4: Competency Strenght Legend | B4: 0 = none 1 = beginner 2 = Intermediate 3 = Advanced 4 = Proficient
A5: Competency Group | B5: Skill, Ability, Trait | C5: Self-Score
A7: Communication | B7: Speaking (capturing audience)
A8: Communication | B8: Listening
A9: Communication | B9: Written
A10: Communication | B10: Presenter/Facilitator
A11: Communication | B11: Non-verbal
A12: Interpersonal | B12: Empathetic
A13: Interpersonal | B13: Networking
A14: Interpersonal | B14: Persuasiveness
A15: Interpersonal | B15: Negotiating
A16: Interpersonal | B16: Diplomacy
A17: Interpersonal | B17: Conflict management
A18: Interpersonal | B18: Team player / Collaborative
... A87: UX Design | B87: Prototyping
A89: Scores by Competency
A91: Competency | B91: Overall Average Score
A92: Communication | B92: =AVERAGE(C7:C11) -> #DIV/0!
A93: Interpersonal | B93: =AVERAGE(C12:C18) -> #DIV/0!
A94: Thinking | B94: =AVERAGE(C19:C27) -> #DIV/0!
A95: Personal Effectiveness | B95: =AVERAGE(C28:C34) -> #DIV/0!
A96: Organizational | B96: =AVERAGE(C35:C40) -> #DIV/0!
A97: Human Resources management | B97: =AVERAGE(C41:C46) -> #DIV/0!
A98: Leadership | B98: =AVERAGE(C47:C55) -> #DIV/0!
A99: Client Services | B99: =AVERAGE(C56:C59) -> #DIV/0!
A100: Business Competencies | B100: =AVERAGE(C60:C64) -> #DIV/0!
A101: Self-Management | B101: =AVERAGE(C65:C70) -> #DIV/0!
A102: Technical and operational | B102: =AVERAGE(C71:C78) -> #DIV/0!
A103: Computer | B103: =AVERAGE(C79:C83) -> #DIV/0!
A104: UX Design | B104: =AVERAGE(C84:C87) -> #DIV/0!

Sheet Employee 11
A1: Play 28 - Competencies Planning - Annex A - Self Assessment
A4: Competency Strenght Legend | B4: 0 = none 1 = beginner 2 = Intermediate 3 = Advanced 4 = Proficient
A5: Competency Group | B5: Skill, Ability, Trait | C5: Self-Score
A7: Communication | B7: Speaking (capturing audience)
A8: Communication | B8: Listening
A9: Communication | B9: Written
A10: Communication | B10: Presenter/Facilitator
A11: Communication | B11: Non-verbal
A12: Interpersonal | B12: Empathetic
A13: Interpersonal | B13: Networking
A14: Interpersonal | B14: Persuasiveness
A15: Interpersonal | B15: Negotiating
A16: Interpersonal | B16: Diplomacy
A17: Interpersonal | B17: Conflict management
A18: Interpersonal | B18: Team player / Collaborative
... A87: UX Design | B87: Prototyping
A89: Scores by Competency
A91: Competency | B91: Overall Average Score
A92: Communication | B92: =AVERAGE(C7:C11) -> #DIV/0!
A93: Interpersonal | B93: =AVERAGE(C12:C18) -> #DIV/0!
A94: Thinking | B94: =AVERAGE(C19:C27) -> #DIV/0!
A95: Personal Effectiveness | B95: =AVERAGE(C28:C34) -> #DIV/0!
A96: Organizational | B96: =AVERAGE(C35:C40) -> #DIV/0!
A97: Human Resources management | B97: =AVERAGE(C41:C46) -> #DIV/0!
A98: Leadership | B98: =AVERAGE(C47:C55) -> #DIV/0!
A99: Client Services | B99: =AVERAGE(C56:C59) -> #DIV/0!
A100: Business Competencies | B100: =AVERAGE(C60:C64) -> #DIV/0!
A101: Self-Management | B101: =AVERAGE(C65:C70) -> #DIV/0!
A102: Technical and operational | B102: =AVERAGE(C71:C78) -> #DIV/0!
A103: Computer | B103: =AVERAGE(C79:C83) -> #DIV/0!
A104: UX Design | B104: =AVERAGE(C84:C87) -> #DIV/0!

Sheet Employee 12
A1: Play 28 - Competencies Planning - Annex A - Self Assessment
A4: Competency Strenght Legend | B4: 0 = none 1 = beginner 2 = Intermediate 3 = Advanced 4 = Proficient
A5: Competency Group | B5: Skill, Ability, Trait | C5: Self-Score
A7: Communication | B7: Speaking (capturing audience)
A8: Communication | B8: Listening
A9: Communication | B9: Written
A10: Communication | B10: Presenter/Facilitator
A11: Communication | B11: Non-verbal
A12: Interpersonal | B12: Empathetic
A13: Interpersonal | B13: Networking
A14: Interpersonal | B14: Persuasiveness
A15: Interpersonal | B15: Negotiating
A16: Interpersonal | B16: Diplomacy
A17: Interpersonal | B17: Conflict management
A18: Interpersonal | B18: Team player / Collaborative
... A87: UX Design | B87: Prototyping
A89: Scores by Competency
A91: Competency | B91: Overall Average Score
A92: Communication | B92: =AVERAGE(C7:C11) -> #DIV/0!
A93: Interpersonal | B93: =AVERAGE(C12:C18) -> #DIV/0!
A94: Thinking | B94: =AVERAGE(C19:C27) -> #DIV/0!
A95: Personal Effectiveness | B95: =AVERAGE(C28:C34) -> #DIV/0!
A96: Organizational | B96: =AVERAGE(C35:C40) -> #DIV/0!
A97: Human Resources management | B97: =AVERAGE(C41:C46) -> #DIV/0!
A98: Leadership | B98: =AVERAGE(C47:C55) -> #DIV/0!
A99: Client Services | B99: =AVERAGE(C56:C59) -> #DIV/0!
A100: Business Competencies | B100: =AVERAGE(C60:C64) -> #DIV/0!
A101: Self-Management | B101: =AVERAGE(C65:C70) -> #DIV/0!
A102: Technical and operational | B102: =AVERAGE(C71:C78) -> #DIV/0!
A103: Computer | B103: =AVERAGE(C79:C83) -> #DIV/0!
A104: UX Design | B104: =AVERAGE(C84:C87) -> #DIV/0!
